Workbook

Sheet ROUTING
A1: Job | B1: Operation | C1: Machine | D1: Machining_Time_min | E1: Load_Unload_Time_min | F1: Transport_Time_min | G1: Batch_Size | H1: Yield | I1: Scrap_Rate | J1: Notes
A2: J1 | B2: OP10-CNC | C2: M1 | D2: 20 | E2: 4 | F2: 2 | G2: 1 | H2: 1 | I2: 0
A3: J1 | B3: OP20-DRILL | C3: M2 | D3: 17 | E3: 3 | F3: 2 | G3: 1 | H3: 1 | I3: 0
A4: J1 | B4: OP30-5AXIS | C4: M3 | D4: 15 | E4: 3 | F4: 2 | G4: 1 | H4: 1 | I4: 0
A5: J1 | B5: OP40-QC | C5: QC | D5: 4 | E5: 1 | F5: 0 | G5: 1 | H5: 1 | I5: 0
A6: J2 | B6: OP10-CNC | C6: M1 | D6: 10 | E6: 2 | F6: 2 | G6: 1 | H6: 1 | I6: 0
A7: J2 | B7: OP20-5AXIS | C7: M3 | D7: 12 | E7: 3 | F7: 2 | G7: 1 | H7: 1 | I7: 0
A8: J2 | B8: OP30-QC | C8: QC | D8: 3 | E8: 1 | F8: 0 | G8: 1 | H8: 1 | I8: 0

Sheet PRODUCTION_PLAN
A1: Job | B1: Quantity | C1: Release_DateTime | D1: Due_DateTime | E1: Priority | F1: Customer | G1: Order_ID | H1: Notes
A2: J1 | B2: 8 | C2: 2026-03-02 08:00 | E2: 1 | H2: (Release/Due mode SIMULATION_SETTINGS'ten seçilir)
A3: J2 | B3: 6 | C3: 2026-03-02 08:00 | E3: 2

Sheet MACHINES
A1: Machine | B1: Machines_Count | C1: Capacity_Per_Machine | D1: OEE | E1: Notes
A2: M1 | B2: 1 | C2: 1 | D2: 0.9
A3: M2 | B3: 1 | C3: 1 | D3: 0.9
A4: M3 | B4: 1 | C4: 1 | D4: 0.9
A5: QC | B5: 1 | C5: 1 | D5: 1

Sheet WEEK_CALENDAR
A1: Day | B1: Is_Working | C1: Shift1_Start | D1: Shift1_End | E1: Shift2_Start | F1: Shift2_End | G1: Shift3_Start | H1: Shift3_End | I1: Stop1_Name | J1: Stop1_Start | K1: Stop1_End | L1: Stop2_Name | M1: Stop2_Start | N1: Stop2_End | O1: Stop3_Name | P1: Stop3_Start | Q1: Stop3_End | R1: Stop4_Name | S1: Stop4_Start | T1: Stop4_End | U1: Stop5_Name | V1: Stop5_Start | W1: Stop5_End | X1: Stop6_Name | Y1: Stop6_Start | Z1: Stop6_End | AA1: Stop7_Name | AB1: Stop7_Start | AC1: Stop7_End | AD1: Stop8_Name | AE1: Stop8_Start | AF1: Stop8_End | AG1: Stop9_Name | AH1: Stop9_Start | AI1: Stop9_End | AJ1: Stop10_Name | AK1: Stop10_Start | AL1: Stop10_End | AM1: Timezone
A2: Mon | B2: Y | C2: 08:00 | D2: 17:00 | AM2: America/Monterrey
A3: Tue | B3: Y | C3: 08:00 | D3: 17:00 | AM3: America/Monterrey
A4: Wed | B4: Y | C4: 08:00 | D4: 17:00 | AM4: America/Monterrey
A5: Thu | B5: Y | C5: 08:00 | D5: 17:00 | AM5: America/Monterrey
A6: Fri | B6: Y | C6: 08:00 | D6: 17:00 | AM6: America/Monterrey
A7: Sat | B7: N | C7: 08:00 | D7: 17:00 | AM7: America/Monterrey
A8: Sun | B8: N | C8: 08:00 | D8: 17:00 | AM8: America/Monterrey

Sheet SIMULATION_SETTINGS
A1: Parameter | B1: Value | C1: Notes
A2: Dispatch_Rule | B2: FIFO | C2: FIFO / SPT / EDD / PRIORITY
A3: Date_Input_Mode | B3: ReleaseOnly | C3: ReleaseOnly / DueOnly / Both
A4: If_Due_Missing | B4: ComputeForward | C4: ComputeForward / Error
A5: If_Release_Missing | B5: ComputeBackward | C5: ComputeBackward / Error
A6: Cycle_Definition | B6: MachiningPlusLoadUnload | C6: Machining_Time_min + Load_Unload_Time_min
A7: Transport_Mode | B7: PerOperation | C7: PerOperation / None
A8: Machine_Capacity_Mode | B8: CountTimesCapacity | C8: Machines_Count x Capacity_Per_Machine

Sheet LISTS
A1: Dispatch_Rule | B1: Date_Input_Mode | C1: If_Due_Missing | D1: If_Release_Missing | E1: Cycle_Definition | F1: Transport_Mode | G1: Machine_Capacity_Mode | H1: YN | J1: MachineList | K1: JobList
A2: FIFO | B2: ReleaseOnly | C2: ComputeForward | D2: ComputeBackward | E2: MachiningPlusLoadUnload | F2: PerOperation | G2: CountTimesCapacity | H2: Y | J2: M1 | K2: J1
A3: SPT | B3: DueOnly | C3: Error | D3: Error | F3: None | H3: N | J3: M2 | K3: J2
A4: EDD | B4: Both | J4: M3
A5: PRIORITY | J5: QC

Sheet VALIDATION
A1: Validation checks (read-only)
A3: 1) ROUTING: Missing required fields (only active rows counted)
A4: =(SUMPRODUCT(--((LEN(TRIM(ROUTING!A2:A20000)) + LEN(TRIM(ROUTING!B2:B20000)) + LEN(TRIM(ROUTING!C2:C20000)) + LEN(TRIM(ROUTING!D2:D20000)) + LEN(TRIM(ROUTING!E2:E20000)) + LEN(TRIM(ROUTING!F2:F20000)) + LEN(TRIM(ROUTING!G2:G20000)))>0), --(LEN(TRIM(ROUTING!A2:A20000))=0)) + SUMPRODUCT(--(LEN(TRIM(ROUTING!A2:A20000))>0), --(LEN(TRIM(ROUTING!B2:B20000))=0)) + SUMPRODUCT(--(LEN(TRIM(ROUTING!A2:A20000))>0), --(LEN(TRIM(ROUTING!C2:C20000))=0)) + SUMPRODUCT(--(LEN(TRIM(ROUTING!A2:A20000))>0), --(LEN(TRIM(ROUTING!D2:D20000))=0)) + SUMPRODUCT(--(LEN(TRIM(ROUTING!A2:A20000))>0), --(LEN(TRIM(ROUTING!E2:E20000))=0)) + SUMPRODUCT(--(LEN(TRIM(ROUTING!A2:A20000))>0), --(LEN(TRIM(ROUTING!F2:F20000))=0)) + SUMPRODUCT(--(LEN(TRIM(ROUTING!A2:A20000))>0), --(LEN(TRIM(ROUTING!G2:G20000))=0))) | B4: missing required cells in active ROUTING rows (should be 0)
A6: 2) PRODUCTION_PLAN: Missing required fields (only active rows counted)
A7: =SUMPRODUCT(--((LEN(TRIM(PRODUCTION_PLAN!A2:A2000))+LEN(TRIM(PRODUCTION_PLAN!B2:B2000))+LEN(TRIM(PRODUCTION_PLAN!C2:C2000))+LEN(TRIM(PRODUCTION_PLAN!D2:D2000))+LEN(TRIM(PRODUCTION_PLAN!E2:E2000))+LEN(TRIM(PRODUCTION_PLAN!F2:F2000))+LEN(TRIM(PRODUCTION_PLAN!G2:G2000)))>0), --(LEN(TRIM(PRODUCTION_PLAN!A2:A2000))=0)) + SUMPRODUCT(--(LEN(TRIM(PRODUCTION_PLAN!A2:A2000))>0), --(LEN(TRIM(PRODUCTION_PLAN!B2:B2000))=0)) + SUMPRODUCT(--(LEN(TRIM(PRODUCTION_PLAN!A2:A2000))>0), --(LEN(TRIM(PRODUCTION_PLAN!E2:E2000))=0)) + SUMPRODUCT(--(LEN(TRIM(PRODUCTION_PLAN!A2:A2000))>0), --(LEN(TRIM(PRODUCTION_PLAN!F2:F2000))=0)) + SUMPRODUCT(--(LEN(TRIM(PRODUCTION_PLAN!A2:A2000))>0), --(LEN(TRIM(PRODUCTION_PLAN!G2:G2000))=0)) | B7: missing required cells in active PRODUCTION_PLAN rows (should be 0)
A9: 3) PRODUCTION_PLAN: Missing required date cells (only active rows counted)
A10: =IF(SIMULATION_SETTINGS!B3="ReleaseOnly", SUMPRODUCT(--(LEN(TRIM(PRODUCTION_PLAN!A2:A2000))>0), --(LEN(TRIM(PRODUCTION_PLAN!C2:C2000))=0)), IF(SIMULATION_SETTINGS!B3="DueOnly", SUMPRODUCT(--(LEN(TRIM(PRODUCTION_PLAN!A2:A2000))>0), --(LEN(TRIM(PRODUCTION_PLAN!D2:D2000))=0)), IF(SIMULATION_SETTINGS!B3="Both", SUMPRODUCT(--(LEN(TRIM(PRODUCTION_PLAN!A2:A2000))>0), --(LEN(TRIM(PRODUCTION_PLAN!C2:C2000))=0)) + SUMPRODUCT(--(LEN(TRIM(PRODUCTION_PLAN!A2:A2000))>0), --(LEN(TRIM(PRODUCTION_PLAN!D2:D2000))=0)), 0))) | B10: missing required date cells in active rows (should be 0)
A12: 4) MACHINES: Missing required fields (only active rows counted)
A13: =SUMPRODUCT(--((LEN(TRIM(MACHINES!A2:A2000))+LEN(TRIM(MACHINES!B2:B2000))+LEN(TRIM(MACHINES!C2:C2000))+LEN(TRIM(MACHINES!D2:D2000)))>0), --(LEN(TRIM(MACHINES!A2:A2000))=0)) + SUMPRODUCT(--(LEN(TRIM(MACHINES!A2:A2000))>0), --(LEN(TRIM(MACHINES!B2:B2000))=0)) + SUMPRODUCT(--(LEN(TRIM(MACHINES!A2:A2000))>0), --(LEN(TRIM(MACHINES!C2:C2000))=0)) + SUMPRODUCT(--(LEN(TRIM(MACHINES!A2:A2000))>0), --(LEN(TRIM(MACHINES!D2:D2000))=0)) | B13: missing required cells in active MACHINES rows (should be 0)
A15: 5) WEEK_CALENDAR: Missing required fields (only active days counted)
A16: =SUMPRODUCT(--(WEEK_CALENDAR!B2:B8="Y"), --(LEN(TRIM(WEEK_CALENDAR!C2:C8))=0)) + SUMPRODUCT(--(WEEK_CALENDAR!B2:B8="Y"), --(LEN(TRIM(WEEK_CALENDAR!D2:D8))=0)) + SUMPRODUCT(--(WEEK_CALENDAR!B2:B8="Y"), --(LEN(TRIM(WEEK_CALENDAR!I2:I8))>0), --(LEN(TRIM(WEEK_CALENDAR!J2:J8))=0)) + SUMPRODUCT(--(WEEK_CALENDAR!B2:B8="Y"), --(LEN(TRIM(WEEK_CALENDAR!I2:I8))>0), --(LEN(TRIM(WEEK_CALENDAR!K2:K8))=0)) + SUMPRODUCT(--(WEEK_CALENDAR!B2:B8="Y"), --(LEN(TRIM(WEEK_CALENDAR!L2:L8))>0), --(LEN(TRIM(WEEK_CALENDAR!M2:M8))=0)) + SUMPRODUCT(--(WEEK_CALENDAR!B2:B8="Y"), --(LEN(TRIM(WEEK_CALENDAR!L2:L8))>0), --(LEN(TRIM(WEEK_CALENDAR!N2:N8))=0)) + SUMPRODUCT(--(WEEK_CALENDAR!B2:B8="Y"), --(LEN(TRIM(WEEK_CALENDAR!O2:O8))>0), --(LEN(TRIM(WEEK_CALENDAR!P2:P8))=0)) + SUMPRODUCT(--(WEEK_CALENDAR!B2:B8="Y"), --(LEN(TRIM(WEEK_CALENDAR!O2:O8))>0), --(LEN(TRIM(WEEK_CALENDAR!Q2:Q8))=0)) + SUMPRODUCT(--(WEEK_CALENDAR!B2:B8="Y"), --(LEN(TRIM(WEEK_CALENDAR!R2:R8))>0), --(LEN(TRIM(WEEK_CALENDAR!S2:S8))=0)) + SUMPRODUCT(--(WEEK_CALENDAR!B2:B8="Y"), --(LEN(TRIM(WEEK_CALENDAR!R2:R8))>0), --(LEN(TRIM(WEEK_CALENDAR!T2:T8))=0)) + SUMPRODUCT(--(WEEK_CALENDAR!B2:B8="Y"), --(LEN(TRIM(WEEK_CALENDAR!U2:U8))>0), --(LEN(TRIM(WEEK_CALENDAR!V2:V8))=0)) + SUMPRODUCT(--(WEEK_CALENDAR!B2:B8="Y"), --(LEN(TRIM(WEEK_CALENDAR!U2:U8))>0), --(LEN(TRIM(WEEK_CALENDAR!W2:W8))=0)) + SUMPRODUCT(--(WEEK_CALENDAR!B2:B8="Y"), --(LEN(TRIM(WEEK_CALENDAR!X2:X8))>0), --(LEN(TRIM(WEEK_CALENDAR!Y2:Y8))=0)) + SUMPRODUCT(--(WEEK_CALENDAR!B2:B8="Y"), --(LEN(TRIM(WEEK_CALENDAR!X2:X8))>0), --(LEN(TRIM(WEEK_CALENDAR!Z2:Z8))=0)) + SUMPRODUCT(--(WEEK_CALENDAR!B2:B8="Y"), --(LEN(TRIM(WEEK_CALENDAR!AA2:AA8))>0), --(LEN(TRIM(WEEK_CALENDAR!AB2:AB8))=0)) + SUMPRODUCT(--(WEEK_CALENDAR!B2:B8="Y"), --(LEN(TRIM(WEEK_CALENDAR!AA2:AA8))>0), --(LEN(TRIM(WEEK_CALENDAR!AC2:AC8))=0)) + SUMPRODUCT(--(WEEK_CALENDAR!B2:B8="Y"), --(LEN(TRIM(WEEK_CALENDAR!AD2:AD8))>0), --(LEN(TRIM(WEEK_CALENDAR!AE2:AE8))=0)) + SUMPRODUCT(--(WEEK_CALENDAR!B2:B8="Y"), --(LEN(TRIM(WEEK_CALENDAR!AD2:AD8))>0), --(LEN(TRIM(WEEK_CALENDAR!AF2:AF8))=0)) + SUMPRODUCT(--(WEEK_CALENDAR!B2:B8="Y"), --(LEN(TRIM(WEEK_CALENDAR!AG2:AG8))>0), --(LEN(TRIM(WEEK_CALENDAR!AH2:AH8))=0)) + SUMPRODUCT(--(WEEK_CALENDAR!B2:B8="Y"), --(LEN(TRIM(WEEK_CALENDAR!AG2:AG8))>0), --(LEN(TRIM(WEEK_CALENDAR!AI2:AI8))=0)) + SUMPRODUCT(--(WEEK_CALENDAR!B2:B8="Y"), --(LEN(TRIM(WEEK_CALENDAR!AJ2:AJ8))>0), --(LEN(TRIM(WEEK_CALENDAR!AK2:AK8))=0)) + SUMPRODUCT(--(WEEK_CALENDAR!B2:B8="Y"), --(LEN(TRIM(WEEK_CALENDAR!AJ2:AJ8))>0), --(LEN(TRIM(WEEK_CALENDAR!AL2:AL8))=0)) | B16: missing required cells in WEEK_CALENDAR (should be 0)
A18: 6) SIMULATION_SETTINGS: Missing values
A19: =SUMPRODUCT(--(LEN(TRIM(SIMULATION_SETTINGS!A2:A100))>0), --(LEN(TRIM(SIMULATION_SETTINGS!B2:B100))=0)) | B19: blank setting values for defined parameters (should be 0)
A21: Rule: A row is counted only if it is ACTIVE (Job filled or any key cell in that row is filled).
A22: 7) ROUTING: Machine exists in MACHINES list
A23: =SUMPRODUCT(--((LEN(TRIM(ROUTING!A2:A20000)) + LEN(TRIM(ROUTING!B2:B20000)) + LEN(TRIM(ROUTING!C2:C20000)) + LEN(TRIM(ROUTING!D2:D20000)) + LEN(TRIM(ROUTING!E2:E20000)) + LEN(TRIM(ROUTING!F2:F20000)) + LEN(TRIM(ROUTING!G2:G20000)))>0), --(LEN(TRIM(ROUTING!C2:C20000))>0), --(COUNTIF(MACHINES!A2:A2000, ROUTING!C2:C20000)=0)) | B23: routing rows with unknown Machine (should be 0)
A25: 8) ROUTING: Operation order warning (grouped by Job; OP## prefix)
A26: =SUM(CHECKS!F2:F20000) | B26: operation order inversions detected (warning)
A28: 9) ROUTING: Negative Transport_Time_min
A29: =SUMPRODUCT(--((LEN(TRIM(ROUTING!A2:A20000)) + LEN(TRIM(ROUTING!B2:B20000)) + LEN(TRIM(ROUTING!C2:C20000)) + LEN(TRIM(ROUTING!D2:D20000)) + LEN(TRIM(ROUTING!E2:E20000)) + LEN(TRIM(ROUTING!F2:F20000)) + LEN(TRIM(ROUTING!G2:G20000)))>0), --(LEN(TRIM(ROUTING!F2:F20000))>0), --(ROUTING!F2:F20000<0)) | B29: rows with negative transport time (should be 0)
A31: 10) ROUTING: Batch_Size must be >= 1
A32: =SUMPRODUCT(--((LEN(TRIM(ROUTING!A2:A20000)) + LEN(TRIM(ROUTING!B2:B20000)) + LEN(TRIM(ROUTING!C2:C20000)) + LEN(TRIM(ROUTING!D2:D20000)) + LEN(TRIM(ROUTING!E2:E20000)) + LEN(TRIM(ROUTING!F2:F20000)) + LEN(TRIM(ROUTING!G2:G20000)))>0), --(LEN(TRIM(ROUTING!G2:G20000))>0), --(ROUTING!G2:G20000<1)) | B32: rows with Batch_Size < 1 (should be 0)

Sheet README
A1: ProductionSim Input Template (R0.10)
A3: What changed vs R0.1:
A4: - Operation is free-form text (e.g., OP10-CNC, OP20-ZIMPARA).
A5: - Setup removed; use Machining_Time_min + Load_Unload_Time_min (cycle per operation).
A6: - WEEK_CALENDAR: up to 3 shifts and 10 named planned stops per day (no break fields).
A7: - Dropdowns: Machines in ROUTING, Jobs in PRODUCTION_PLAN, all SIMULATION_SETTINGS values.
A8: - Required fields highlighted (blank cells become red).
A9: - VALIDATION sheet shows quick counts for missing required inputs.
A11: Key definitions:
A12: - Transport_Time_min: time to move a batch from this operation to the next.
A13: - Batch_Size: can be 1 or more (integer >= 1).
A14: - Yield/Scrap_Rate: optional (0..1).
... A22: R0.10: Fixed ROUTING Machine dropdown by using plain range validation (MACHINES!A2:A2000) instead of table/INDIRECT. No named ranges; no Excel repair.

Sheet CHECKS
A1: ActiveRow | B1: Job | C1: Operation | D1: OpNum | E1: PrevOpNumIfSameJob | F1: OrderWarn
A2: =--((LEN(TRIM(ROUTING!A2))+LEN(TRIM(ROUTING!B2))+LEN(TRIM(ROUTING!C2))+LEN(TRIM(ROUTING!D2))+LEN(TRIM(ROUTING!E2))+LEN(TRIM(ROUTING!F2))+LEN(TRIM(ROUTING!G2)))>0) | B2: =ROUTING!A2 | C2: =ROUTING!B2 | D2: =IF(LEFT(ROUTING!B2,2)="OP",IFERROR(VALUE(MID(ROUTING!B2,3,IFERROR(FIND("-",ROUTING!B2&"-"),LEN(ROUTING!B2)+1)-3)),""),"" ) | E2: ="" | F2: =IF(AND(A2=1, B2=ROUTING!A1, D2<>"", E2<>"", D2<E2), 1, 0)
A3: =--((LEN(TRIM(ROUTING!A3))+LEN(TRIM(ROUTING!B3))+LEN(TRIM(ROUTING!C3))+LEN(TRIM(ROUTING!D3))+LEN(TRIM(ROUTING!E3))+LEN(TRIM(ROUTING!F3))+LEN(TRIM(ROUTING!G3)))>0) | B3: =ROUTING!A3 | C3: =ROUTING!B3 | D3: =IF(LEFT(ROUTING!B3,2)="OP",IFERROR(VALUE(MID(ROUTING!B3,3,IFERROR(FIND("-",ROUTING!B3&"-"),LEN(ROUTING!B3)+1)-3)),""),"" ) | E3: =IF(ROUTING!A3=ROUTING!A2, D2, "") | F3: =IF(AND(A3=1, B3=ROUTING!A2, D3<>"", E3<>"", D3<E3), 1, 0)
A4: =--((LEN(TRIM(ROUTING!A4))+LEN(TRIM(ROUTING!B4))+LEN(TRIM(ROUTING!C4))+LEN(TRIM(ROUTING!D4))+LEN(TRIM(ROUTING!E4))+LEN(TRIM(ROUTING!F4))+LEN(TRIM(ROUTING!G4)))>0) | B4: =ROUTING!A4 | C4: =ROUTING!B4 | D4: =IF(LEFT(ROUTING!B4,2)="OP",IFERROR(VALUE(MID(ROUTING!B4,3,IFERROR(FIND("-",ROUTING!B4&"-"),LEN(ROUTING!B4)+1)-3)),""),"" ) | E4: =IF(ROUTING!A4=ROUTING!A3, D3, "") | F4: =IF(AND(A4=1, B4=ROUTING!A3, D4<>"", E4<>"", D4<E4), 1, 0)
A5: =--((LEN(TRIM(ROUTING!A5))+LEN(TRIM(ROUTING!B5))+LEN(TRIM(ROUTING!C5))+LEN(TRIM(ROUTING!D5))+LEN(TRIM(ROUTING!E5))+LEN(TRIM(ROUTING!F5))+LEN(TRIM(ROUTING!G5)))>0) | B5: =ROUTING!A5 | C5: =ROUTING!B5 | D5: =IF(LEFT(ROUTING!B5,2)="OP",IFERROR(VALUE(MID(ROUTING!B5,3,IFERROR(FIND("-",ROUTING!B5&"-"),LEN(ROUTING!B5)+1)-3)),""),"" ) | E5: =IF(ROUTING!A5=ROUTING!A4, D4, "") | F5: =IF(AND(A5=1, B5=ROUTING!A4, D5<>"", E5<>"", D5<E5), 1, 0)
A6: =--((LEN(TRIM(ROUTING!A6))+LEN(TRIM(ROUTING!B6))+LEN(TRIM(ROUTING!C6))+LEN(TRIM(ROUTING!D6))+LEN(TRIM(ROUTING!E6))+LEN(TRIM(ROUTING!F6))+LEN(TRIM(ROUTING!G6)))>0) | B6: =ROUTING!A6 | C6: =ROUTING!B6 | D6: =IF(LEFT(ROUTING!B6,2)="OP",IFERROR(VALUE(MID(ROUTING!B6,3,IFERROR(FIND("-",ROUTING!B6&"-"),LEN(ROUTING!B6)+1)-3)),""),"" ) | E6: =IF(ROUTING!A6=ROUTING!A5, D5, "") | F6: =IF(AND(A6=1, B6=ROUTING!A5, D6<>"", E6<>"", D6<E6), 1, 0)
A7: =--((LEN(TRIM(ROUTING!A7))+LEN(TRIM(ROUTING!B7))+LEN(TRIM(ROUTING!C7))+LEN(TRIM(ROUTING!D7))+LEN(TRIM(ROUTING!E7))+LEN(TRIM(ROUTING!F7))+LEN(TRIM(ROUTING!G7)))>0) | B7: =ROUTING!A7 | C7: =ROUTING!B7 | D7: =IF(LEFT(ROUTING!B7,2)="OP",IFERROR(VALUE(MID(ROUTING!B7,3,IFERROR(FIND("-",ROUTING!B7&"-"),LEN(ROUTING!B7)+1)-3)),""),"" ) | E7: =IF(ROUTING!A7=ROUTING!A6, D6, "") | F7: =IF(AND(A7=1, B7=ROUTING!A6, D7<>"", E7<>"", D7<E7), 1, 0)
A8: =--((LEN(TRIM(ROUTING!A8))+LEN(TRIM(ROUTING!B8))+LEN(TRIM(ROUTING!C8))+LEN(TRIM(ROUTING!D8))+LEN(TRIM(ROUTING!E8))+LEN(TRIM(ROUTING!F8))+LEN(TRIM(ROUTING!G8)))>0) | B8: =ROUTING!A8 | C8: =ROUTING!B8 | D8: =IF(LEFT(ROUTING!B8,2)="OP",IFERROR(VALUE(MID(ROUTING!B8,3,IFERROR(FIND("-",ROUTING!B8&"-"),LEN(ROUTING!B8)+1)-3)),""),"" ) | E8: =IF(ROUTING!A8=ROUTING!A7, D7, "") | F8: =IF(AND(A8=1, B8=ROUTING!A7, D8<>"", E8<>"", D8<E8), 1, 0)
A9: =--((LEN(TRIM(ROUTING!A9))+LEN(TRIM(ROUTING!B9))+LEN(TRIM(ROUTING!C9))+LEN(TRIM(ROUTING!D9))+LEN(TRIM(ROUTING!E9))+LEN(TRIM(ROUTING!F9))+LEN(TRIM(ROUTING!G9)))>0) | B9: =ROUTING!A9 | C9: =ROUTING!B9 | D9: =IF(LEFT(ROUTING!B9,2)="OP",IFERROR(VALUE(MID(ROUTING!B9,3,IFERROR(FIND("-",ROUTING!B9&"-"),LEN(ROUTING!B9)+1)-3)),""),"" ) | E9: =IF(ROUTING!A9=ROUTING!A8, D8, "") | F9: =IF(AND(A9=1, B9=ROUTING!A8, D9<>"", E9<>"", D9<E9), 1, 0)
A10: =--((LEN(TRIM(ROUTING!A10))+LEN(TRIM(ROUTING!B10))+LEN(TRIM(ROUTING!C10))+LEN(TRIM(ROUTING!D10))+LEN(TRIM(ROUTING!E10))+LEN(TRIM(ROUTING!F10))+LEN(TRIM(ROUTING!G10)))>0) | B10: =ROUTING!A10 | C10: =ROUTING!B10 | D10: =IF(LEFT(ROUTING!B10,2)="OP",IFERROR(VALUE(MID(ROUTING!B10,3,IFERROR(FIND("-",ROUTING!B10&"-"),LEN(ROUTING!B10)+1)-3)),""),"" ) | E10: =IF(ROUTING!A10=ROUTING!A9, D9, "") | F10: =IF(AND(A10=1, B10=ROUTING!A9, D10<>"", E10<>"", D10<E10), 1, 0)
A11: =--((LEN(TRIM(ROUTING!A11))+LEN(TRIM(ROUTING!B11))+LEN(TRIM(ROUTING!C11))+LEN(TRIM(ROUTING!D11))+LEN(TRIM(ROUTING!E11))+LEN(TRIM(ROUTING!F11))+LEN(TRIM(ROUTING!G11)))>0) | B11: =ROUTING!A11 | C11: =ROUTING!B11 | D11: =IF(LEFT(ROUTING!B11,2)="OP",IFERROR(VALUE(MID(ROUTING!B11,3,IFERROR(FIND("-",ROUTING!B11&"-"),LEN(ROUTING!B11)+1)-3)),""),"" ) | E11: =IF(ROUTING!A11=ROUTING!A10, D10, "") | F11: =IF(AND(A11=1, B11=ROUTING!A10, D11<>"", E11<>"", D11<E11), 1, 0)
A12: =--((LEN(TRIM(ROUTING!A12))+LEN(TRIM(ROUTING!B12))+LEN(TRIM(ROUTING!C12))+LEN(TRIM(ROUTING!D12))+LEN(TRIM(ROUTING!E12))+LEN(TRIM(ROUTING!F12))+LEN(TRIM(ROUTING!G12)))>0) | B12: =ROUTING!A12 | C12: =ROUTING!B12 | D12: =IF(LEFT(ROUTING!B12,2)="OP",IFERROR(VALUE(MID(ROUTING!B12,3,IFERROR(FIND("-",ROUTING!B12&"-"),LEN(ROUTING!B12)+1)-3)),""),"" ) | E12: =IF(ROUTING!A12=ROUTING!A11, D11, "") | F12: =IF(AND(A12=1, B12=ROUTING!A11, D12<>"", E12<>"", D12<E12), 1, 0)
A13: =--((LEN(TRIM(ROUTING!A13))+LEN(TRIM(ROUTING!B13))+LEN(TRIM(ROUTING!C13))+LEN(TRIM(ROUTING!D13))+LEN(TRIM(ROUTING!E13))+LEN(TRIM(ROUTING!F13))+LEN(TRIM(ROUTING!G13)))>0) | B13: =ROUTING!A13 | C13: =ROUTING!B13 | D13: =IF(LEFT(ROUTING!B13,2)="OP",IFERROR(VALUE(MID(ROUTING!B13,3,IFERROR(FIND("-",ROUTING!B13&"-"),LEN(ROUTING!B13)+1)-3)),""),"" ) | E13: =IF(ROUTING!A13=ROUTING!A12, D12, "") | F13: =IF(AND(A13=1, B13=ROUTING!A12, D13<>"", E13<>"", D13<E13), 1, 0)
A14: =--((LEN(TRIM(ROUTING!A14))+LEN(TRIM(ROUTING!B14))+LEN(TRIM(ROUTING!C14))+LEN(TRIM(ROUTING!D14))+LEN(TRIM(ROUTING!E14))+LEN(TRIM(ROUTING!F14))+LEN(TRIM(ROUTING!G14)))>0) | B14: =ROUTING!A14 | C14: =ROUTING!B14 | D14: =IF(LEFT(ROUTING!B14,2)="OP",IFERROR(VALUE(MID(ROUTING!B14,3,IFERROR(FIND("-",ROUTING!B14&"-"),LEN(ROUTING!B14)+1)-3)),""),"" ) | E14: =IF(ROUTING!A14=ROUTING!A13, D13, "") | F14: =IF(AND(A14=1, B14=ROUTING!A13, D14<>"", E14<>"", D14<E14), 1, 0)
... A20000: =--((LEN(TRIM(ROUTING!A20000))+LEN(TRIM(ROUTING!B20000))+LEN(TRIM(ROUTING!C20000))+LEN(TRIM(ROUTING!D20000))+LEN(TRIM(ROUTING!E20000))+LEN(TRIM(ROUTING!F20000))+LEN(TRIM(ROUTING!G20000)))>0) | B20000: =ROUTING!A20000 | C20000: =ROUTING!B20000 | D20000: =IF(LEFT(ROUTING!B20000,2)="OP",IFERROR(VALUE(MID(ROUTING!B20000,3,IFERROR(FIND("-",ROUTING!B20000&"-"),LEN(ROUTING!B20000)+1)-3)),""),"" ) | E20000: =IF(ROUTING!A20000=ROUTING!A19999, D19999, "") | F20000: =IF(AND(A20000=1, B20000=ROUTING!A19999, D20000<>"", E20000<>"", D20000<E20000), 1, 0)
